chapter,page,title,raw
-2,8,Preface,
-1,14,Introduction,
1,28,What Is It?,1. What is it?
2,43,"Fire, Heat, and Coolness","2. FIRE, HEAT AND COOLNESS 43"
3,58,"This and That, and Other Things","3. THIS AND THAT, AND OTHER THINGS 58"
4,68,“All That Is Conditioned...”,4. “ALL THAT IS CONDITIONED...” 68
5,87,"“To Be, or Not To Be” – Is That the Question?","5. “TO BE, OR NOT TO BE” – IS THAT THE QUESTION? 87"
6,113,Atammayatā: “Not Made of That”,6. ATAMMAYATĀ: “NOT MADE OF THAT” 113
7,125,Attending to the Deathless,7. ATTENDING TO THE DEATHLESS 125
8,133,Unsupported and Unsupportive Consciousness,8. UNSUPPORTED AND UNSUPPORTIVE CONSCIOUSNESS . . . .133
9,157,The Unconditioned and Non-locality,9. THE UNCONDITIONED AND NON-LOCALITY 157
10,166,The Unapprehendability of the Enlightened,10. THE UNAPPREHENDABILITY OF THE ENLIGHTENED 166
11,182,“‘Reappears’ does not apply...”,11. “‘REAPPEARS’ DOES NOT APPLY...” 182
12,192,"Knowing, Emptiness, and the Radiant Mind","12. KNOWING, EMPTINESS AND THE RADIANT MIND 192"
13,224,Practices and Perspectives I,13. PRACTICES AND PERSPECTIVES I 224
14,247,Practices and Perspectives II,14. PRACTICES AND PERSPECTIVES II 247
15,266,Practices and Perspectives III,15. PRACTICES AND PERSPECTIVES III 266
16,249,Sotāppana: The Spiritual Turning Point I,16. SOTĀPANNA: THE SPIRITUAL TURNING POINT I . . . . . . . . . .279
17,294,Sotāppana: The Spiritual Turning Point II,17. SOTĀPANNA: THE SPIRITUAL TURNING POINT II 294
18,302,Sotāppana: The Spiritual Turning Point III,18. SOTĀPANNA: THE SPIRITUAL TURNING POINT III 302
19,322,Sotāppana: The Spiritual Turning Point IV,19. SOTĀPANNA: THE SPIRITUAL TURNING POINT IV 322
20,338,"“Ah, What Bliss!” – The Blessings of Nibbāna","20. “AH, WHAT BLISS!” – THE BLESSINGS OF NIBBĀNA . . . . . . . . .338"