Modified:,2026,,,,
Code,Event,First session,Last session,Tags,Title
WR2005-1_S04,WR2005-1,4,8,Hindrances,Recognizing and Relinquishing the Hindrances
WR2005-1_S14,WR2005-1,14,18,Mindfulness of dhammas,The Fourth Ānāpānasati Tetrad
WR2013_S12,WR2013,12,20,Hindrances,The Five Hindrances
WR2013_S21,WR2013,21,36,Aggregates,The Five Khandhas
WR2013_S37,WR2013,37,44,Sense bases,The Six Sense Bases
WR2015_S05,WR2015,5,13,Mindfulness of body,Mindfulness of the Body
WR2015_S22,WR2015,22,26,Mindfulness of breathing,The Structure of Breath Meditation
WR2015_S36,WR2015,36,37,Mindfulness of body,Fleshing Out the Four Tetrads: Body
WR2015_S37,WR2015,37,40,Mindfulness of feeling,Fleshing Out the Four Tetrads: Feeling
WR2015_S40,WR2015,40,43,Mindfulness of mind,Fleshing Out the Four Tetrads: Mind
WR2015_S45,WR2015,45,47,Feeling,Vedanā
WR2025_S36,WR2025,36,37,Non-identification,Attamayatā: “Not Made of That”
WR2025_S53,WR2025,53,56,Stream entry,Sotāpanna: The Spiritual Turning Point
Anniversary2016_S07,Anniversary2016,7,13,Saṅghapāla,Reflections by Saṅghapāla Board Members