Modified:,2026,
Old Page,New Page,Type
about/01_Introduction.html,about/Introduction.html,Hard
about/02_Event-series.html,about/Event-series.html,Hard
about/04_Overview.html,about/Overview.html,Hard
about/05_Tags.html,about/Tags.html,Hard
about/09_Want-to-help.html,about/Want-to-help.html,Hard
about/08_Status.html,about/Status.html,Hard
about/09_Search-instructions.html,about/Search-instructions.html,Hard
about/10_Acknowledgements.html,about/Credits.html,Hard
about/11_Contact.html,about/Contact.html,Hard
about/12_License.html,about/License.html,Hard
about/15_Version-list.html,about/Version-list.html,Hard
tags/not-made-of-that.html,tags/non-identification.html,Hard
tags/ajahn-koon.html,tags/ajahn-koon-na-pho.html,Hard
teachers/ajahn-koon.html,teachers/ajahn-koon-na-pho.html,Hard
tags/form-atag.html,tags/bodyform-atag.html,Hard
tags/form-qtag.html,tags/bodyform-qtag.html,Hard
tags/form-relevant.html,tags/bodyform-relevant.html,Hard
tags/form.html,tags/bodyform.html,Hard
tags/qualities-for-non-decline.html,tags/incontrovertible-practices.html,Hard
teachers/abhayagiri-sangha.html,teachers/the-abhayagiri-sangha.html,Hard
teachers/i-b-horner.html,books/IBHorner.html,Hard
indexes/AllExcerpts-reference-2.html,books/Modern.html,Hard
indexes/AllExcerpts-reference-3.html,books/Modern.html,Hard
indexes/AllExcerpts-reference.html,books/Modern.html,Hard
indexes/AllExcerpts-text-2.html,texts/Sutta.html,Hard
indexes/AllExcerpts-text-3.html,texts/Sutta.html,Hard
indexes/AllExcerpts-text-4.html,texts/Sutta.html,Hard
indexes/AllExcerpts-text-5.html,texts/Sutta.html,Hard
indexes/AllExcerpts-text.html,texts/Sutta.html,Hard
tags/gratification.html,tags/benefitgratification.html,Hard
tags/monastic-titles-atag.html,tags/monastic-titles.html,Hard
tags/monastic-titles-qtag.html,tags/monastic-titles.html,Hard
tags/monastic-titles-relevant.html,tags/monastic-titles.html,Hard
tags/monastic-titles-story.html,tags/monastic-titles.html,Hard
tags/similes-reference.html,tags/similes.html,Hard
tags/stupasmonuments-atag.html,tags/stupasmonuments.html,Hard
tags/stupasmonuments-quote.html,tags/stupasmonuments.html,Hard
tags/stupasmonuments-relevant.html,tags/stupasmonuments.html,Hard
tags/stupasmonuments-story.html,tags/stupasmonuments.html,Hard
tags/symbolism.html,tags/symbolismmetaphor.html,Hard
teachers/ajahn-sudanto-i-quote.html,teachers/ajahn-sudanto.html,Hard
texts/AN7_49.html,texts/AN7_52.html,Hard
,,Hard