Modified:,2026,,,,,,,,,,,
uid,Name,Whole text link,Cite full name?,sutta,vinaya,vinayaRule,readFaith,suttaCentral,ptsVerses,singleRef,doubleRef,namedVaggas
DN,Dīgha Nikāya,,,Yes,,,Yes,Yes,,Yes,,
MN,Majjhima Nikāya,,,Yes,,,Yes,Yes,,Yes,,
SN,Saṁyutta Nikāya,https://suttacentral.net/pitaka/sutta/linked/sn,,Yes,,,Yes,Yes,,,Yes,
AN,Aṅguttara Nikāya,https://suttacentral.net/pitaka/sutta/numbered/an,,Yes,,,Yes,Yes,,,Yes,
Kp,Khuddakapāṭha,,,Yes,,,Yes,Yes,,Yes,,
Dhp,Dhammapada,,,Yes,,,Yes,Yes,Yes,,,
Ud,Udāna,,,Yes,,,Yes,Yes,,,Yes,Yes
Iti,Itivuttaka,,,Yes,,,Yes,Yes,,Yes,,
Snp,Sutta Nipāta,,,Yes,,,Yes,Yes,Yes,,Yes,Yes
Vv,Vimānavatthu,,,Yes,,,Yes,Yes,,,,
Pv,Petavatthu,,,Yes,,,Yes,Yes,,,,
Thag,Theragātha,https://suttacentral.net/pitaka/sutta/minor/kn/thag,,Yes,,,Yes,Yes,Yes,,Yes,Yes
Thig,Therīgāthā,https://suttacentral.net/pitaka/sutta/minor/kn/thig,,Yes,,,Yes,Yes,Yes,,Yes,Yes
Ja,Jātaka,https://suttacentral.net/pitaka/sutta/minor/kn/ja,,Yes,,,Yes,Yes,,,,
Mil,Milindapañha,https://suttacentral.net/pitaka/sutta/minor/kn/mil,Yes,Yes,,,,Yes,Yes,,,
BuPj,Bhikkhu Pārājika,,Yes,,Yes,Yes,Yes,Yes,,Yes,,
BuSs,Bhikkhu Saṅghādisesa,,Yes,,Yes,Yes,Yes,Yes,,Yes,,
BuAy,Bhikkhu Aniyata,,Yes,,Yes,Yes,Yes,Yes,,Yes,,
BuNp,Bhikkhu Nissaggiya-pācittiya,,Yes,,Yes,Yes,Yes,Yes,,Yes,,
BuPc,Bhikkhu Pācittiya,,Yes,,Yes,Yes,Yes,Yes,,Yes,,
BuPd,Bhikkhu Pāṭidesanīya,,Yes,,Yes,Yes,Yes,Yes,,Yes,,
BuSk,Bhikkhu Sekhiya,,Yes,,Yes,Yes,Yes,Yes,,Yes,,
BuAs,Bhikkhu Adhikarana-samatha,,Yes,,Yes,Yes,Yes,Yes,,Yes,,
BiPj,Bhikkhuni Pārājika,,Yes,,Yes,Yes,Yes,Yes,,Yes,,
BiSs,Bhikkhuni Saṅghādisesa,,Yes,,Yes,Yes,Yes,Yes,,Yes,,
BiNp,Bhikkhuni Nissaggiya-pācittiya,,Yes,,Yes,Yes,Yes,Yes,,Yes,,
BiPc,Bhikkhuni Pācittiya,,Yes,,Yes,Yes,Yes,Yes,,Yes,,
BiPd,Bhikkhuni Pāṭidesanīya,,Yes,,Yes,Yes,Yes,Yes,,Yes,,
BiSk,Bhikkhuni Sekhiya,,Yes,,Yes,Yes,Yes,Yes,,Yes,,
BiAs,Bhikkhuni Adhikarana-samatha,,Yes,,Yes,Yes,Yes,Yes,,Yes,,
Kd,Khandhaka,,Yes,,Yes,,Yes,Yes,,Yes,,
Pvr,Parivāra,,Yes,,Yes,,Yes,Yes,,Yes,,
Mv,Mahāvagga,,Yes,,Yes,,,,,Yes,,