Modified:,2026,,,,,,,,,,,,,,,,,,
Session #,Kind,Flags,Start time,End time,Text,Teachers,QTag1,QTag2,QTag3,QTag4,ATag1,ATag2,ATag3,ATag4,ATag5,Off topic?,Exclude?,FTags,FTagOrder
1,Dhamma talk,,Session,,"Ajahn Pasanno reflects at the beginning of the retreat on what is helpful to establish in the mind during a period of formal practice. Drawing on the distinction of wholesome and unwholesome dhammas he brings together the topics of the Five Hindrances, Mindfulness, Clear Comprehension, and the putting forth of effort.",,Right Mindfulness,,,,,,,,,,,,
2,Dhamma talk,,Session,,The attention to bringing the mind to the freeing of the hindrances is essential. Ajahn Pasanno reflects on the Five Hindrances and recalls various metaphors and tools the Buddha suggests for understanding and working with the hindrances.,,Hindrances,,,,,,,,,,,,
3,Dhamma talk,,Session,,"Bringing the theme of the Five Hindrances to focus again, Ajahn Pasanno offers more advice for working with the hindrances and focuses on the positive qualities that we can turn to to enable relinquishing of the hindrances.",,Hindrances,,,,,,,,,,,,
4,Dhamma talk,n,Session,,Beginning with the Buddha’s metaphor of the skilled cook (SN 47.8) who carefully watches what his king prefers in order to gain favor. Ajahn Pasanno relates the importance and methods of relating to the meditation object in the framework of what works and what doesn’t work.,,,,,,,,,,,,,,
5,Dhamma talk,,Session,,"Ajahn Pasanno reflects on the importance of practicing dhamma in accordance with dhamma and how this subtle, but important shift in our intention is a key to right practice.",,Practicing in accordance with Dhamma,,,,,,,,,,,,
5,,,0:12,3:20,"If starting each meditation session with five minutes of skeleton contemplation, do you have any suggestions, advice, cautions?",,Unattractiveness,,,,Disenchantment,,,,,,,,
5,Alternate audio,,,11:45,AP_01_14_2013_Winter_Retreat_QA_1.mp3|https://www.abhayagiri.org/media/discs/APasannoRetreats/2013%20Fourth%20Foundation%20of%20Mindfulness/Audio/AP_01_14_2013_Winter_Retreat_QA_1.mp3,,,,,,,,,,,,,,
5,Indirect quote,,,,They've brought their own skeleton to the monastery. Why are they shocked by seeing a skeleton in the cupboard?|Ajahn Chah,,Ajahn Chah,Unattractiveness,,,,,,,,,,,
5,,,3:23,,Sometimes ill-will is diffuse and all-encompassing. Attempting to do metta when the mind is experiencing this seems to aggravate rather than soothe.,,Ill-will,Goodwill,,,Bhante Gunaratana,Conditionality,Self-identity view,Investigation of states,,,,Goodwill,250P
5,Extra tags,,,,,,,,,,,,,,,,,Ill-will,250T
5,Alternate audio,,,11:45,AP_01_14_2013_Winter_Retreat_QA_1.mp3|https://www.abhayagiri.org/media/discs/APasannoRetreats/2013%20Fourth%20Foundation%20of%20Mindfulness/Audio/AP_01_14_2013_Winter_Retreat_QA_1.mp3,,,,,,,,,,,,,,
5,Sutta,,,,Snp 1.8: The Metta Sutta ([Chanting Book translation](Chanting Book p. 37)).,,,,,,,,,,,,,,
6,Dhamma talk,,Session,,Ajahn Pasanno explains the Buddha's similes for spreading well-being and awareness throughout the body and describes mindfulness of breathing in terms of inclusive awareness.,,Mindfulness of body,,,,,,,,,,,,
7,Dhamma talk,n,Session,,"To commemorate the Ajahn Chah's 21st death anniversary, Ajahn Pasanno reads three talks on meditation from [Collected Teachings](): “[Tranquility and Insight](Collected Teachings p. 307)”, “[The Path in Harmony](Collected Teachings p. 313)”, and “[The Place of Coolness](Collected Teachings p. 319).”",,,,,,,,,,,,,,
8,Dhamma talk,,Session,,"Reflecting on a question, Ajahn Pasanno talks about the usage of Kor Wat, translated “protocols” or ways of relating to requisites and the community, as a basic tool for training mindfulness and circumspection.",,Protocols,,,,,,,,,,,,
9,Dhamma talk,,Session,,Ajahn Pasanno reflects on the basic teaching of the Four Noble Truths and how investigating and contemplating dukkha enables us to see our habits and conditioning and the obstacles to practice.,,Four Noble Truths,,,,,,,,,,,,
10,,,0:03,13:32,Could you give advice on how to practice Buddhānussati? Are there any suttas useful for working with this theme? ,,Recollection/Buddha,Sutta,,,Learning,Human,,,,,,Recollection/Buddha,200t
10,Reference,,,,"Recollection of the Buddha, Chanting Book p. 4.",,,,,,,,,,,,,,
10,Sutta,,,,MN 11: Cūḷasīhanāda Sutta.,,,,,,,,,,,,,,
10,Sutta,,,,MN 74.14: Dīghanakha Sutta.,,Views,Great disciples,Upatakh,,,,,,,,,,
10,Sutta,,,,"MN 12.58: ""You might think that the jujube fruit was bigger in those days ...""",,Buddha/Biography,Humor,,,,,,,,,,,
10,Sutta,,,,SN 17.5: Dung beetle on a ball of dung.,,Gain and loss,Humor,,,,,,,,,,,
10,,,13:45,20:37,"Can one use the subtle sensations of comfort and discomfort that accompany in and out breathing as a basis for insight? If so, how much thinking/nudging the mind is useful versus simple observation?",,Mindfulness of breathing,Mindfulness of feeling,Insight meditation,Directed thought and evaluation,Impermanence,Not-self,Suffering,Right Effort,,,,Mindfulness of feeling,200
10,,,20:46,,Could you please speak about dhamma-vicaya and how to use it in meditation?,,Investigation of states,,,,Factors of Awakening,Skillful qualities,Unskillful qualities,Characteristics of existence,Appropriate attention,,,Investigation of states,200
10,Extra tags,,,,,,,,,,Dispassion,Aggregates,,,,,,,
11,Reading group,,Session,,,,,,,,,,,,,,,,
11,Sutta,,,,MN 10: Satipaṭṭhāna Sutta.,,Right Mindfulness,,,,,,,,,,,,
11,Reading,2,,,"[Wings to Awakening](), passages from the [satipaṭṭhāna section](Wings to Awakening p. 115).",,,,,,,,,,,,,,
11,,,24:12,26:16,What does Ajahn Ṭhānissaro mean by stilling the breath sensations (Wings to Awakening p. 122).,,Mindfulness of breathing,Ajahn Ṭhānissaro,Tranquility,,,,,,,,,,
11,Sutta,,,,MN 118.18: Ānāpānasati Sutta.,,,,,,,,,,,,,,
11,,,26:20,,Do you have any thoughts about the two interpretations of 'body of breath' in MN 118.18?,,Mindfulness of breathing,Mindfulness of body,Meditation/Techniques,,Tranquility,Volitional formations,Pāli,,,,,,
12,Reading group,,Session,,,,,,,,,,,,,,,,
12,Reading,2,,,Satipatthana pp. 182-187.,,Hindrances,,,,,,,,,,,,
12,Sutta,,,,MN 39: Mahā-Asupura Sutta.,,,,,,,,,,,,,,
12,Comment,2,38:58,44:23,Sometimes pervading the body with rapture can take the mind away from the meditation object.,AKc,Rapture,Mindfulness of breathing,Concentration,,,,,,,,,,
12,Response,,,,,AP;AKd,Tranquility,Volition,Nature of mind,Unification,,,,,,,,,
12,Reference,-,,,"Collected Teachings p. 309, ""Tranquility and Insight.""",,,,,,,,,,,,,,
12,Comment,2s,44:25,,about translations of ekaggatā and ekodibhāvaṃ.,AKd,Unification,Translation,Bhikkhu Bodhi,Ajahn Ṭhānissaro,,,,,,,,,
12,Response,,,,,AP,Hindrances,Tranquility,,,,,,,,,,,
13,Teaching,1,0:00,5:42,The relationship between the Five Hindrances and the Seven Factors of Awakening.,,,,,,Mindfulness of dhammas,Āgama,Abhidhamma,,,,,,
13,Reading,,5:43,9:15,"SN 46.38, Bojjhaṅgasaṁyutta, “Without Hindrances.”",,,,,,,,,,,,,,
13,Reflection,,,,The value of listening to Dhamma.,,Hearing the true Dhamma,Stream entry,Hindrances,Factors of Awakening,,,,,,,,,
13,Sutta,-,,,AN 5.26: Listening to Dhamma is one of five situations that can lead to liberation.,,,,,,,,,,,,,,
13,Reading,,9:18,,"SN 46.39, Bojjhaṅgasaṁyutta, “Trees.”",,,,,,,,,,,,,,
13,Reading,,13:51,,"SN 46.40, Bojjhaṅgasaṁyutta, “Hindrances.”",,,,,,,,,,,,,,
13,Sutta,,,,SN 56.11: Dhammacakkappavattana Sutta ([Chanting Book translation](Chanting Book V2 p. 2)),,,,,,,,,,,,,,
13,Reading,,16:00,28:45,"SN 46.55, Bojjhaṅgasaṁyutta, “Saṅgārava.”",,Similes,,,,,,,,,,,,
13,,,28:49,36:22,Do you have any thoughts about the cultivation of the later Factors of Awakening?,,Rapture,Conditionality,,,Investigation of states,Mindfulness,Tranquility,Skillful qualities,,,,,
13,Recollection,,,,Ajahn Chah's description of pīti.,,Ajahn Chah,Rapture,Mindfulness of breathing,,,,,,,,,,
14,Reading,,0:55,,"SN 3.24, Kosalasaṁyutta, “Archery.”",,Generosity,,,,,,,,,,,,
14,,,10:19,12:52,"What are other possible translations of the recurring question [in the suttas], 'What do you think?'",AP;AKd,Pāli,Translation,,,Questions,,,,,,,,
14,Sutta,,,,SN 22.59 Anattalakkhaṇa Sutta ([Chanting book translation](Chanting Book V2 p. 14)).,,,,,,,,,,,,,,
14,Reading,,12:54,,"SN 47.5, Satipaṭṭhānasaṁyutta, “A Heap of the Wholesome.”",,,,,,,,,,,,,,
14,Reading,,15:29,25:25,"SN 47.12, Satipaṭṭhānasaṁyutta, “Nālandā.”",,Faith,,,,,,,,,,,,
14,Reading,,25:33,,MN 108: Gopakamogallāna Sutta.,,,,,,,,,,,,,,
15,Reading group,,Session,,,,,,,,,,,,,,,,
15,Sutta,,,,"SN 54.12, Ānāpānasaṁyutta, “In Perplexity.”",,,,,,,,,,,,,,
15,Sutta,,,,"AN 4.61, “Worthy Deeds.”",,,,,,,,,,,,,,
15,,,14:12,22:29,What's the difference between sleep and sloth and torpor?,,Sloth and torpor,,,,Bhikkhu Bodhi,Translation,Devotion to wakefulness,Craving not to become,,,,,
15,Story,,,,"Ajahn Pasanno's first meditation retreat: ""You've been stealing sleep!""",,Ajahn Pasanno,Devotion to wakefulness,,,,,,,,,,,
15,Story,,,,"After Ajahn Pasanno's illness, he needs to sleep an hour more.",,Ajahn Pasanno,Sickness,,,,,,,,,,,
15,,,22:32,23:44,Is laziness more aversion than sloth and torpor?,,Aversion,Sloth and torpor,,,Pāli,Energy,,,,,,,
15,,,23:47,25:28,What is meant by 'sees the range' in AN 4.61?,,,,,,Discernment,Hindrances,Commentaries,,,,,,
15,Reading,,25:35,32:27,"AN 5.23, “Defilements.”",,Hindrances,Similes,,,,,,,,,,,
15,,,32:35,,What is the suitable basis in AN 5.23?,,Hindrances,,,,Psychic powers,Great disciples,Jhāna,,,,,,
15,Sutta,,,,Ud 4.4: A yakkha clobbers Sariputta.,,Great disciples,Non-human beings,Psychic powers,,,,,,,,,,
15,Commentary,,,,"The Visuddhimagga discusses training for psychic powers, Path of Purification pp. 369-427.",,,,,,,,,,,,,,
16,Reading,,0:00,3:56,"AN 6.27, “Occasion.”",,,,,,,,,,,,,,
16,Reading,,4:07,13:21,"AN 10.61, “Ignorance.”",,Ignorance,Nutriment,,,,,,,,,,,
16,,,13:24,14:38,How does good conduct bring about the Four Foundations of Mindfulness in AN 10.61?,,Virtue,Right Mindfulness,,,Practicing in accordance with Dhamma,,,,,,,,
16,,,14:39,18:50,Could you elaborate on the difference between nutriment [AN 10.61] and the causal relationships in Dependent Origination?,AP;AShj,Nutriment,Dependent origination,Conditionality,,Commentaries,Pāli,Thai,,,,,,
16,Reading,,18:54,,"AN 10.95, “Uttiya.”",,Views,,,,,,,,,,,,
17,Reading,,Session,,MN 75: Māgandiya Sutta.,,,,,,,,,,,,,,
17,,,32:07,35:04,Do you have any advice on how to approach unwholesome habits that are based on hindrances?,,Habits,Unskillful qualities,Hindrances,,Conditionality,Mindfulness of dhammas,Self-identity view,,,,,,
17,Sutta,,,,MN 75.15: Māgandiya Sutta.,,,,,,,,,,,,,,
17,,,35:06,40:14,Would you say that clinging is around the senses and not the sensual desires?,AP;AKd,Clinging,Sense bases,Sensual desire,,Aggregates,,,,,,,,
17,Follow-up,,,,How do we uproot clinging?,,Clinging,Discernment,,,,,,,,,,,
17,Comment,,,,One can only apply the concept of inverted perception from MN 75.29 to the other sense bases.,ANy,Delusion,Perception,Sense bases,,Ajahn Khao,,,,,,,,
17,Response,,,,Showering after being exposed to poison oak.,AP,Clinging,Feeling,,,,,,,,,,,
17,Recollection,,,,Ajahn Mahā Boowa perceived difficulty and problems as a whetstone for mindfulness.,APes,Ajahn Mahā Boowa,Mindfulness,,,,,,,,,,,
17,Response,-,,,,AP,Four Noble Truths,Conditionality,,,,,,,,,,,
18,Reading,,0:00,2:46,"AN 5.161, “Removing Resentment (1).”",,,,,,,,,,,,,,
18,,,2:49,,Could you speak about disregarding the person as a strategy for working with resentment (AN 5.161)?,,,,,,Aversion,,,,,,,,
18,,,3:57,7:03,"In the practice of removing resentment (AN 5.161), how does developing equanimity differ from reflecting on kamma?",,,Equanimity,Kamma,,Divine Abidings,Judgementalism,,,,,,,
18,,2,7:05,10:55,about the practice of metta in response to ill-will.,,Language,Goodwill,,Equanimity,Discernment,,,,,,,,
18,Sutta,,,,"AN 5.161, “Removing Resentment (1).”",,,,,,,,,,,,,,
18,Reading,s,11:00,29:46,"AN 5.162, “Removing Resentment (2);” AN 7.64, “Anger.”",,,,,,,,,,,,,,
18,,,30:07,,"In the Five Hindrances, does ill-will apply only to people?",,Hindrances,,Aversion,,Similes,,,,,,,,
18,Sutta,s,,,SN 46.55; MN 39.14.,,,,,,,,,,,,,,
19,Reading,,Session,,"AN 7.61, “Dozing.”",,Sloth and torpor,,,,,,,,,,,,
19,Reflection,0,,,[Ajahn Pasanno](teacher:) reflects on the qualities described in the lesser-known second half of this sutta.,,Contentment,Seclusion,Relinquishment,,,,,,,,,,
19,Sutta,-,,,MN 118: Ānāpānasati Sutta.,,,,,,,,,,,,,,
19,Comment,,14:02,15:05,"AN 7.61 is similar to the beginning of the Metta Sutta (Snp 1.8, [Chanting Book translation](Chanting Book p. 37)).",AJoti,Contentment,Humility,,,,,,,,,,,
19,Response,,,,,,,,,,,,,,,,,,
19,,,15:09,20:32,Do you have any thoughts about how to discern neutral feeling?,,Neutral feeling,Feeling,,,Delusion,Mindfulness,Patience,Restlessness and worry,,,,,
19,Sutta,,,,AN 7.61.,,,,,,,,,,,,,,
19,Comment,,20:34,,about noticing restlessness even in peaceful meditation.,ACu,Restlessness and worry,Tranquility,,,,,,,,,,,
19,Response,,,,,,Self-identity view,Relinquishment,Contentment,Patience,Impermanence,Dispassion,Cessation,Mindfulness of dhammas,,,,,
20,Reading group,,Session,,,,,,,,,,,,,,,,
20,Sutta,,,,"AN 4.128, “Astounding (2).”",,,,,,,,,,,,,,
20,Sutta,,,,MN 23: Vammika Sutta.,,,,,,,,,,,,,,
20,Sutta,,,,"SN 42.13, Gāmaṇisaṁyutta, “Pāṭaliya.”",,,,,,,,,,,,,,
20,Discussion,,12:18,,of the symbolism in MN 23.,,Symbolism/metaphor,,,,Sensual desire,Hindrances,Thai,Doubt,,,,,
20,,,16:06,17:36,How is sensual desire like being in debt (MN 39.14)?,,Sensual desire,Similes,,,,,,,,,,,
20,Reflection,s,46:14,48:19,on SN 42.13: The Buddha's clarity with definitions and bringing doubts about views back to conduct.,,Teaching Dhamma,Doubt,Views,Virtue,,,,,,,,,
20,Comment,,48:22,48:53,Reflecting on the results of good conduct is the basis for samādhi [in SN 42.13].,AKd,Recollection/Virtue,Concentration,,,,,,,,,,,
20,Response,,,,,,Recollection/Virtue,,,,,,,,,,,,
20,Comment,,48:56,,I'm puzzled why the lucky throw on both counts happens in both cases in SN 42.13.,AKc,Views,,,,,,,,,,,,
20,Response,,,,,,Views,Virtue,Kamma,,,,,,,,,,
20,Sutta,,,,AN 3.65: Kālāma Sutta.,,,,,,,,,,,,,,
21,Reading,,Session,,MN 109: Mahāpuṇṇama Sutta.,,,,,,,,,,,,,,
21,Reflection,s,16:09,22:47,on MN 109: The danger in clinging to khandhas.,,Clinging,Self-identity view,,,,,,,,,,,
21,Reference,,,,[Reflection on dukkha](Chanting Book p. 11) from the Morning Chanting.,,,,,,,,,,,,,,
21,Sutta,,,,SN 22.59 Anattalakkhaṇa Sutta ([Chanting book translation](Chanting Book V2 p. 14)).,,,,,,,,,,,,,,
21,,,23:02,24:35,How is nama-rupa usually defined?,AP;AShj,Consciousness,,,,Volition,,,,,,,,
21,Sutta,,,,SN 12.67: Sheaves of reeds.,,Aggregates,Consciousness,Similes,,,,,,,,,,
21,,,24:38,31:18,Have any teachers explained the meaning of the questions in MN 109?,,Questions,,,,,,,,,,,,
21,Comment,0,,,Commentarial explanation of the context of MN 109.,,Questions,Teaching Dhamma,Culture/India,Views,Culture/West,Christianity,,,,,,,
21,Sutta,,,,DN 1: Brahmajāla Sutta.,,Views,Culture/India,,,,,,,,,,,
21,,,31:20,40:21,The obtuse bhikkhu who thought about what self is touched by the results of action (MN 109.14)—that's the place where kamma comes into the question?,AP;AShj,Self-identity view,Kamma,,,Views,Middle Path,Doctrine-of-self clinging,Characteristics of existence,,,,,
21,Follow-up,,,,Right view talks about being being reborn. Is this a conventional use of language? It's not talking about selves being reborn?,,Right View,Rebirth,Language,Self-identity view,,,,,,,,,
21,Sutta,,,,SN 5.10: Simile of the chariot.,,Conventions,Self-identity view,Characteristics of existence,,,,,,,,,,
21,Sutta,,,,???: Simile of the flame (same flame in evening and morning?),,,,,,,,,,,,Yes,,
22,Reading,,Session,,MN 64: Mahāmālunkya Sutta and Bhikkhu Bodhi's footnote explaining the Majjhima Nikāya Commentary.,,,,,,,,,,,,,,
22,Comment,,18:37,19:32,"MN 64 speaks about the underlying tendencies even in infants, which goes against the idea of getting back to your childlike purity.",,Fetters,Children,,,,,,,,,,,
22,Response,s,,,,AP;AJoti,,,,,,,,,,,,,
22,Teaching,1,22:36,27:24,MN 64.9 explains how jhāna forms the basis for insight.,,Jhāna,Characteristics of existence,Insight meditation,,Formless attainments,,,,,,,,
22,Follow-up,,,,Does that imply that insight is realized during that absorption?,,Insight meditation,Jhāna,,,,,,,,,,,
22,Discussion,,27:25,,of formless attainments and awareness of body.,,Formless attainments,Mindfulness of body,,,,,,,,,,,
23,Reading group,,Session,,from Burden off the Mind pp. 14-17,,,,,,,,,,,,,,
23,Reading,2,,,"§5: SN 22.100, Khandhasaṁyutta, “The Leash.”",,,,,,,,,,,,,,
23,Reading,2,,,"§6: SN 22.48, Khandhasaṁyutta, “Aggregates.”",,,,,,,,,,,,,,
23,Reading,2,,,§7: excerpt from SN 22.79.,,,,,,,,,,,,,,
23,,,5:00,5:37,What is your understanding of the moving picture show [in Ajahn Ṭhānissaro's translation of SN 22.100]?,,Similes,Artistic expression,,,Culture/India,,,,,,,,
23,Comment,,9:07,11:45,The only difference between the aggregates and the clinging aggregates in SN 22.48 is that the clinging aggregates are clingable.,,Aggregates,Clinging,,,,,,,,,,,
23,Response,,,,,AP,,,,,,,,,,,,,
23,Sutta,-,,,"SN 22.85.28: Yamaka Sutta: ""... welfare and happiness for a long time.""",,,,,,,,,,,,,,
23,Comment,,11:47,13:16,Bhikkhu Bodhi's new translation for practices and precepts is behaviors and precepts.,,Attachment to precepts and practices,Bhikkhu Bodhi,Translation,,,,,,,,,,
23,Note,,,,See _The Numerical Discourses of the Buddha_ p. 1882.,,,,,,,,,,,,,,
23,Response,,,,,,Virtue,Habits,,,,,,,,,,,
23,,,13:18,16:51,"The Morning Chanting [in the old [Abhayagiri Chanting Book](Abhayagiri Chanting Book p. 22)] first translates upādāna as clinging, but when it goes to the various khandhas, the translation is identification. Could you reflect on clinging as identification?",,Clinging,Translation,Aggregates,Self-identity view,Sensual desire,Attachment to precepts and practices,Doctrine-of-self clinging,Fetters,,,,,
23,,,20:25,,How do you understand the description of fabrication in SN 22.79?,,Volitional formations,,,,Aggregates,Proliferation,Ajahn Chah,,,,,,
23,Reading,,,,"Bhikkhu Bodhi's footnote to SN 22.79, _The Connected Discourses of the Buddha_ p. 1071.",,Translation,Pāli,Volition,,,,,,,,,,
24,Reading group,,Session,,from Burden off the Mind pp. 17-20,,,,,,,,,,,,,,
24,Reading,2,,,§8: excerpt from MN 28: Mahāhatthipadopama Sutta.,,,,,,,,,,,,,,
24,Reading,2,,,§9: excerpt from SN 22.57.,,,,,,,,,,,,,,
24,Reading,2,,,§10: MN 44.22: Cūḷavedalla Sutta.,,,,,,,,,,,,,,
24,Reading,2,,,§11: excerpt from SN 22.57.,,,,,,,,,,,,,,
24,Reading,2,,,§12: excerpt from SN 22.57.,,,,,,,,,,,,,,
24,Reading,2,,,§13: excerpt from Sangīti Sutta (DN 33).,,,,,,,,,,,,,,
24,Reading,2,,,§14: MN 44.13: Cūḷavedalla Sutta.,,,,,,,,,,,,,,
24,Reading,2,,,§15: excerpt from SN 22.57.,,,,,,,,,,,,,,
24,Reading,2,,,§16: excerpt from SN 22.57.,,,,,,,,,,,,,,
24,Reading,2,,,§17: MN 109.9: Mahāpuṇṇama Sutta.,,,,,,,,,,,,,,
24,Sutta,,,,"SN 22.1, Khandhasaṁyutta, “Nakulapitā.”",,,,,,,,,,,,,,
24,,,5:38,6:15,Is there another place in the suttas (besides MN 44.24) where neutral feeling is pleasant when conjoined with mindfulness?,,Sutta,Neutral feeling,Happiness,Mindfulness,,,,,,,,,
24,Teaching,,6:51,,The meaning of perception.,,Perception,,,,Sense bases,Thai,Memory,,,,,,
24,Sutta,,,,SN 22.79.,,,,,,,,,,,,,,
24,,,8:34,10:49,Is it significant that SN 22.79 describes perception in terms of color and consciousness in terms of taste?,,Perception,Consciousness,Sense bases,,,,,,,,,,
24,,,13:36,,How is it that knowledge makes neutral feeling pleasant (MN 44.24)?,,Neutral feeling,Happiness,,,,,,,,,,,
24,,,14:33,,MN 44.14 defines perception and feeling as mental formations. I thought those were just conditional arising on account of contact (MN 109.9)?,,Perception,Feeling,Volitional formations,Conditionality,Pāli,,,,,,,,
24,Extra tags,,,,,,Contact,,,,,,,,,,,,
24,Teaching,,,,Ajahn Buddhadasā's translation of the Ānāpānasati Sutta (MN 118.19; [Chanting Book translation](Chanting Book p. 85)) translates cittasaṅkhāra as the mental conditioner.,,Ajahn Buddhadāsa,Translation,Mindfulness of breathing,Volitional formations,,,,,,,,,
24,Reference,-,,,Mindfulness with Breathing p. 72.,,,,,,,,,,,,,,
24,Follow-up,,,,"The bodily fabrication doesn't seem to involve volition, but vitakka and vicāra do.",,Body/form,Volitional formations,Volition,Directed thought and evaluation,Aggregates,,,,,,,,
24,Comment,,,,"In the Ānāpānasati Sutta, much of the practice is intentionally calming different saṅkhāras.",,Mindfulness of breathing,Volitional formations,Tranquility,Mindfulness of body,,,,,,,,,
24,Response,,,,,,,,,,,,,,,,,,
24,Discussion,,20:43,22:03,about different meanings and contexts of saṅkhāra.,,Pāli,Volitional formations,,,Nibbāna,Meditation,Ven. Anālayo,,,,,,
25,Reading,,0:00,,"SN 22.2, Khandhasaṁyutta, “At Devadaha” and Bhikkhu Bodhi's footnote on p. 1045.",,,,,,,,,,,,,,
25,Reflection,,,,This is a nice snapshot of the Saṅgha at the time of the Buddha.,,Saṅgha,Buddha/Biography,Great disciples,,,,,,,,,,
25,Simile,,,,Sāriputta as a midwife (MN 141.5).,,Great disciples,,,,,,,,,,,,
25,,,12:03,16:46,"In SN 22.2, Sāriputta equates unwholesome states with lust and attachment to the aggregates. What about ill-will and enmity?",AP;AShj;AKd;AJoti,Unskillful qualities,Craving,Clinging,Aggregates,Craving not to become,Judgementalism,,,,,,,
25,Extra tags,,,,,,Ill-will,Aversion,,,,,,,,,,,
25,,,16:48,17:36,"In SN 22.2, Bhikkhu Bodhi translates displeasure, but our [morning chanting](Chanting Book p. 11) has grief. Are they the same?",,Grief,Translation,,,,,,,,,,,
25,,,17:39,18:50,What does fever mean in SN 22.2?,,Pāli,,,,Sensual desire,,,,,,,,
25,,,18:51,21:33,Why does Sāriputta recommend teaching the aggregates to people who don't know about Buddhism (SN 22.22)?,,Teaching Dhamma,Aggregates,,,Questions,Culture/India,,,,,,,
25,Append audio,,22:32,24:06,,,,,,,,,,,,,,,
25,,o,21:38,24:06,Was the word saṅkhāra used before the Buddha?,,Volitional formations,Pāli,,,Language,Teaching Dhamma,Aggregates,,,,,,
25,,,24:08,25:20,Did the paradigm of the khandhas exist before the Buddha's time?,,Aggregates,History/Indian Buddhism,,,,,,,,,,,
25,Sutta,,,,SN 22.59 Anattalakkhaṇa Sutta ([Chanting book translation](Chanting Book V2 p. 14)).,,,,,,,,,,,,,,
25,Reading,,25:46,38:58,"SN 22.3, Khandhasaṁyutta, “Hāliddakāni (1)” and Snp 4.9 (Dr. Saddhatissa translation).",,,,,,,,,,,,,,
25,Teaching,o,26:11,31:37,"Explanation of ""The Questions of Māgaṇḍiya"" (Snp 4.9) and Dr. Saddhatissa's translation of the Sutta Nipāta. ",AP;AShj,History/Early Buddhism,Dr. Saddhatissa,Translation,,Great disciples,Pāli,Culture/Sri Lanka,,,,,,
25,Story,,,,Ajahn Chah tells Ajahn Sumedho to take Dr. Saddhatissa as the Saṅgharāja of England.,,Ajahn Chah,Ajahn Sumedho,Dr. Saddhatissa,Study monks,,,,,,,,,
25,Reflection,,39:01,43:00,"In SN 22.3, Venerable Mahākaccāna extrapolates from the literal to the figurative.",,Great disciples,Teaching Dhamma,Symbolism/metaphor,,Commentaries,Aggregates,Sense bases,Proliferation,,,,,
26,Reading group,,Session,,,,,,,,,,,,,,,,
26,Reading,2,,,Satipatthana pp. 202-207.,,,,,,,,,,,,,,
26,Sutta,,,,"SN 22.5, Khandhasaṁyutta, “Concentration.”",,,,,,,,,,,,,,
26,Sutta,,,,"SN 22.29, Khandhasaṁyutta, “Delight.”",,,,,,,,,,,,,,
26,Sutta,,,,"SN 5.1, Bhikkhunīsaṁyutta, “Āḷavikā.”",,,,,,,,,,,,,,
26,Sutta,,,,"SN 5.9, Bhikkhunīsaṁyutta, “Selā.”",,,,,,,,,,,,,,
26,Reading,,0:40,3:45,[Footnote](Satipatthana p. 202) in Satipatthana inferring that the concept of the Five Aggregates predated the Buddha.,,History/Early Buddhism,,,,,,,,,,,,
26,,,9:33,12:41,Have you contemplated the elements as a basis for contact?,AKd;AJoti,Body/form,Elements,Contact,,Unattractiveness,Not-self,,,,,,,
26,Comment,,19:05,19:54,"In contrast to the commentary, Venerable Analayo describes the aggregates as a tool for getting free of suffering.",AKc,Commentaries,Ven. Anālayo,Cessation of Suffering,,,,,,,,,,
26,Response,,,,,,,,,,,,,,,,,,
27,Reading group,,Session,,,,,,,,,,,,,,,,
27,Sutta,,,,"SN 45.159, Maggasaṁyutta, “The Guest House.”",,,,,,,,,,,,,,
27,Sutta,,,,"SN 5.10, Bhikkhunīsaṁyutta, “Vajirā.”",,,,,,,,,,,,,,
27,Reading,2,,,"The Questions of King Milinda, I.i, “No Person is Found,” p. 29-32 (Mil 25).",,,,,,,,,,,,,,
27,Teaching,,3:32,5:16,"SN 45.159 relates the Five Aggregates to the First Noble Truth, which must be understood.",,Noble Truth of Suffering,,,,Characteristics of existence,,,,,,,,
27,Teaching,,9:11,10:52,Introduction to _[The Questions of King Milinda](Mil 25)_.,,History/Early Buddhism,Sutta,,,,,,,,,,,
27,Comment,,17:54,20:54,Most people would say that all the parts together comprise the chariot.,AJoti,Similes,Not-self,,,,,,,,,,,
27,Response,s,,,,AKd;AShj;ACu,Similes,Aggregates,Not-self,,,,,,,,,,
27,Question,,20:55,24:18,How do you contemplate the Five Aggregates in practice?,AKd;ACu,Recollection,,,,Not-self,Characteristics of existence,Direct experience,Ageing,,,,,
27,Sutta,,,,SN 22.59 Anattalakkhaṇa Sutta ([Chanting book translation](Chanting Book V2 p. 14)).,,,,,,,,,,,,,,
27,,,24:26,27:11,"If the task is to fully understand and you have an affinity for understanding form, does that affect how you understand the other aggregates?",,Noble Truth of Suffering,Body/form,,,Thai Forest Tradition,Mindfulness of body,Insight meditation,,,,,,
27,Sutta,,,,AN 1.616: Mindfulness directed to the body and the deathless.,,,,,,,,,,,,,,
28,Reading group,,Session,,,,,,,,,,,,,,,,
28,Sutta,,,,"SN 22.26, Khandhasaṁyutta, “Gratification (1).”",,,,,,,,,,,,,,
28,Sutta,,,,"SN 22.27, Khandhasaṁyutta, “Gratification (2).”",,,,,,,,,,,,,,
28,Sutta,,,,"SN 22.28, Khandhasaṁyutta, “Gratification (3).”",,,,,,,,,,,,,,
28,Sutta,,,,"SN 22.96, Khandhasaṁyutta, “A Lump of Cowdung.”",,,,,,,,,,,,,,
28,Teaching,,8:40,10:15,"Gratification, danger, and escape in regard to the Five Aggregates.",,Aggregates,Aspects of Understanding,Benefit/gratification,Drawbacks,,,,,,,,,
28,Extra tags,,,,,,Escape,,,,,,,,,,,,
28,Comment,,10:18,,Downside might fit the context [of SN 22.26-28] better than danger.,,Drawbacks,Translation,,,,,,,,,,,
28,Response,s,,,,AKd;AP,,,,,,,,,,,,,
28,,,11:27,16:21,Why does SN 22.26 say both impermanent and subject to change?,AKd;AP,Impermanence,,,,Sutta,Abhidhamma,Translation,Ajahn Ṭhānissaro,Teaching Dhamma,,,,
28,Extra tags,,,,,,,,,,Language,,,,,,,,
28,Sutta,,,,SN 22.59 Anattalakkhaṇa Sutta ([Chanting book translation](Chanting Book V2 p. 14)).,,,,,,,,,,,,,,
28,Comment,,24:31,25:44,"In SN 22.96, the Buddha implies that universal impermanence may be a good thing.",AKc,Impermanence,,,,,,,,,,,,
28,Response,s,,,,AKd;AP,,,,,,,,,,,,,
28,Follow-up,,,,What's 'individual existence' in Pāli?,,Translation,Becoming,,,,,,,,,,,
28,Discussion,,25:46,26:45,of the concept of eternity in SN 22.96.,,Impermanence,Time,,,,,,,,,,,
28,,,26:49,27:52,Is there any significance to the names of the steed and the chariot in SN 22.96?,,,,,,Lunar observance days,,,,,,,,
28,Sutta,,,,MN 37.8 mentions Sakka's Vejayanta Palace.,,,,,,,,,,,,,,
29,Reading group,,Session,,,,,,,,,,,,,,,,
29,Sutta,,,,"SN 22.99, Khandhasaṁyutta, “The Leash (1).”",,,,,,,,,,,,,,
29,Sutta,,,,"SN 22.85, Khandhasaṁyutta, “Yamika.”",,,,,,,,,,,,,,
29,,,19:53,25:56,Can you clarify the simile of the khandhas as a murderer in SN 22.85?,AKd;AP;AbhSangha,Similes,Drawbacks,,,Benefit/gratification,Self-identity view,Commentaries,Clinging,Dependent origination,,,,
29,Recollection,,25:56,,Ajahn Chah used the description of what happens to an enlightened being after death from SN 22.85.,AP,Ajahn Chah,Arahant,Death,,,,,,,,,,
30,Reading,,Session,,MN 35: Cūḷasaccaka Sutta.,,,,,,,,,,,,,,
30,Comment,,29:04,29:53,MN 35 demonstrates how the Buddha asks questions to elicit people's reactions and train them.,,Buddha/Biography,Questions,Teaching Dhamma,,,,,,,,,,
30,Reference,,,,[Skill in Questions]().,,,,,,,,,,,,,,
30,,,29:56,,Why do the Buddha's listeners immediately reply that what is impermanent is suffering?,AP,Questions,Impermanence,Suffering,,Translation,,,,,,,,
30,Sutta,,,,SN 22.59 Anattalakkhaṇa Sutta ([Chanting book translation](Chanting Book V2 p. 14)).,,,,,,,,,,,,,,
30,Comment,,31:35,32:14,The conclusion that what is not under our control can't be self isn't immediately obvious.,AKd;AP,Volition,Not-self,,,,,,,,,,,
30,Append audio,,32:51,39:45,,,,,,,,,,,,,,,
30,Follow-up,,,,How have you come to understand this over time?,,Volition,Not-self,Self-identity view,Feeling,,,,,,,,,
30,Follow-up,,,,"How does the chant, 'I am the owner of my kamma' relate to this?",,Kamma,Not-self,Language,Conventions,,,,,,,,,
30,Sutta,-,,,AN 5.57 Five Recollections ([Chanting Book translation](Chanting Book p. 55)).,,,,,,,,,,,,,,
30,Comment,,,,The suttas are summaries rather than transcripts.,AJoti,Sutta,Teaching Dhamma,,,,,,,,,,,
30,,o,32:16,32:47,What is the term 'Agivessana'?,AKd;AP,Pāli,,,,,,,,,,,,
30,Comment,,40:38,41:39,"When people at work ask me about not-self, I say, 'Can you tell your body not to get old?'",,Not-self,Ageing,,,,,,,,,,,
30,Sutta,,,,MN 35: Cūḷasaccaka Sutta.,,,,,,,,,,,,,,
31,Reading group,,Session,,,,,,,,,,,,,,,,
31,Sutta,,,,"SN 22.102, Khandhasaṁyutta, “Perception of Impermanence.”",,,,,,,,,,,,,,
31,Sutta,,,,"SN 22.95, Khandhasaṁyutta, “A Lump of Foam.”",,,,,,,,,,,,,,
31,Sutta,,,,"SN 22.33, Khandhasaṁyutta, “Not Yours (1).”",,,,,,,,,,,,,,
31,Reflection,,4:43,6:50,The way to develop the perception of impermanence is seeing all of the khandhas individually just as they are.,,Impermanence,Knowledge and vision,,,Patience,Determination,,,,,,,
31,,,6:58,7:55,Do you have any suggestions for contemplating the origin of the body?,,Body/form,Birth,,,,,,,,,,,
31,,,17:36,22:56,Is there a special meaning for which simile is compared to which khandha in SN 22.95?,,Similes,,,,Impermanence,Body/form,Feeling,Perception,Volitional formations,,,,
31,Extra tags,,,,,,,,,,Consciousness,,,,,,,,
32,Reading group,,Session,,,,,,,,,,,,,,,,
32,Sutta,,,,"SN 22.87, Khandhasaṁyutta, “Vakkali.”",,,,,,,,,,,,,,
32,Sutta,,,,"SN 22.86, Khandhasaṁyutta, “Anurādha.”",,,,,,,,,,,,,,
32,Reflection,,9:42,11:27,Venerable Vakkali (SN 22.87) used pain to impel himself towards insight.,,Great disciples,Pain,Sickness,Progress of insight,Aggregates,Arahant,Suicide,,,,,,
32,Comment,,12:15,13:09,Venerable Vakkali had immense respect for the Buddha and the Dhamma.,AKc,Great disciples,Respect,Buddha,Dhamma,,,,,,,,,
32,Response,,,,,AKd,Great disciples,Faith,,,,,,,,,,,
32,,,13:13,17:04,Are there other stories similar to Vakkali asking to die outside (SN 22.87)?,AKd;AP,Great disciples,Death,Culture/Natural environment,,Perception of a samaṇa,,,,,,,,
32,Story,,,,Ajahn Mun chooses the place of his death.,AP,Ajahn Mun,Death,Funerals,,,,,,,,,,
32,Story,,,,Ajahn Chah chooses a convenient time to die.,AP,Ajahn Chah,Death,,,,,,,,,,,
32,Reflection,,22:38,25:28,SN 22.86 is a classic exposition of the unapprehendability of the Tathāgata at death.,,Buddha,Death,Non-identification,,Right View,Aggregates,Teaching Dhamma,,,,,,
32,,,25:45,,How would you answer the questions in SN 22.86 for a puthujjana (a person who has not entered the stream of Dhamma)?,AP;AKd,Death,Aggregates,Clinging,,Kamma,Views,,,,,,,
32,Sutta,,,,SN 44.9: Flame blown by the wind.,,Rebirth,Similes,,,,,,,,,,,
33,Reading group,,Session,,,,,,,,,,,,,,,,
33,Sutta,,,,"SN 22.89, Khandhasaṁyutta, “Khemaka.”",,,,,,,,,,,,,,
33,Sutta,,,,"SN 22.49, Khandhasaṁyutta, “Soṇa (1).”",,,,,,,,,,,,,,
33,,,13:42,14:14,Is there another sutta not spoken by the Buddha in which as many people become enlightened as SN 22.89?,AKd;AP,Great disciples,Teaching Dhamma,Liberation,,,,,,,,,,
33,Reflection,,14:20,15:21,SN 22.89 spells out the difference between the conceit 'I am' and sakkāyaditthi.,,Conceit,Self-identity view,,,,,,,,,,,
33,,,15:22,21:19,"What is the difference between someone who has broken through fetters (self-identity view, etc.) and someone who hasn't as discussed in SN 22.89?",AKd;AP,Fetters,Self-identity view,Conceit,Aggregates,Perception,Not-self,,,,,,,
33,Extra tags,,,,,,Similes,,,,,,,,,,,,
33,Comment,s,21:23,23:04,The source for the nine kinds of conceit.,AKd;AP,Conceit,Sutta,Abhidhamma,,,,,,,,,,
33,Comment,,26:06,26:56,The Buddha's description of a monk who 'does not laud himself and disparage others' (e.g. AN 4.28) sounds similar to SN 22.49.,ACu,Conceit,Humility,,,,,,,,,,,
33,Response,,,,,,,,,,,,,,,,,,
33,,,27:17,35:52,Does volition differ from intention?,AKd;AP,Volition,,,,Pāli,Translation,Kamma,Self-identity view,Skillful qualities,,,,
33,Follow-up,,,,"When we talk about effort, intention, and result in the Vinaya, is cetanā the word for intention?",,Vinaya,Volition,,,,,,,,,,,
33,Follow-up,,,,Saṅkhāra is sometimes translated as volitional formations. How does this differ from cetanā?,,Volitional formations,Translation,Volition,,,,,,,,,,
33,Sutta,,,,"AN 6.63.33: ""Kamma is volition.""",,Kamma,Volition,,,,,,,,,,,
33,,,35:59,37:14,"When Ajahn Chah uses the expression, 'the mind is no longer moving forward, moving backward, nor standing still,' how does this relate to volition?",AP,Ajahn Chah,Nature of mind,Volition,,Self-identity view,Conditionality,,,,,,,
34,Reading group,,0:00,5:35,Background information about the bhikkhu Channa,,Buddha/Biography,,,,Commentaries,Disciplinary transactions,Vinaya,,,,,,
34,Vinaya,,,,"BuPc 12 origin story, BMC 1 p. 419.",,,,,,,,,,,,,,
34,Vinaya,,,,BuPc 71 origin story.,,,,,,,,,,,,,,
34,Vinaya,,,,"BuSs 12 origin story, BMC 1 p. 222.",,,,,,,,,,,,,,
34,Reading,,5:36,14:46,"SN 22.90, Khandhasaṁyutta, “Channa.”",,,,,,,,,,,,,,
34,Reflection,,14:49,16:36,on SN 22.90: Seeing all the khandhas as dukkha.,,Aggregates,Suffering,Not-self,,,,,,,,,,
34,Comment,,16:40,19:15,A critical part of SN 22.90 is Ānanda giving Channa the confidence to believe in himself.,AP,Great disciples,Faith,,,Geography/India,,,,,,,,
34,Append audio,,20:43,21:42,,,,,,,,,,,,,,,
34,Response,s,,,,AKd;ACu;AJoti;AKc,Rapture,,,,,,,,,,,,
34,,o,19:16,20:43,"In SN 12.15, when it says, 'the world depends on a duality,' is that the process of [audio unclear]?",,Views,,,,Self-identity view,Ignorance,,,,,,,
34,,,21:42,22:59,Is there any significance to the elders Channa initially approaches in SN 22.90?,,Great disciples,,,,Commentaries,,,,,,,,
34,Discussion,,23:00,24:02,about why the Buddha imposed the Brahma penalty on Channa.,,Buddha/Biography,Disciplinary transactions,,,,,,,,,Yes,,
35,Reading group,,Session,,,,,,,,,,,,,,,,
35,Sutta,,,,"SN 22.94, Khandhasaṁyutta, “Flowers.”",,,,,,,,,,,,,,
35,Sutta,,,,"SN 22.122, Khandhasaṁyutta, “Virtuous.”",,,,,,,,,,,,,,
35,Teaching,,4:30,8:07,SN 22.94 grounds views about the world in the experience of the aggregates.,,Views,Aggregates,,,Worldly Conditions,Buddha,Similes,,,,,,
35,,,8:10,11:21,Would you be willing to speak about translating saṅkhāra as volitional formations?,,Volitional formations,Translation,,,Aggregates,Volition,Emotion,Feeling,,,,,
35,Follow-up,,,,Do volitional formations include both thought and emotion?,,Volitional formations,Directed thought and evaluation,Emotion,Feeling,,,,,,,,,
35,Comment,,16:10,17:55,SN 22.122 is is stark contrast to the concept of secret teachings in Tibetan Buddhism.,ANy,Teaching Dhamma,Vajrayāna,,,,,,,,,,,
35,Response,,,,,AP,Buddha,Teaching Dhamma,,,,,,,,,,,
35,Sutta,,,,"DN 16.2.25: ""I never taught with a closed fist.""",,,,,,,,,,,,,,
35,Discussion,,17:57,27:14,of how saṅkhāra relates to the other khandhas.,,Volitional formations,Aggregates,,,Consciousness,Volition,Emotion,Feeling,Conditionality,,,,
35,Story,,,,A psychology experiment demonstrating the physical effects of cultural responses to anger.,,Western psychology,Cultural context,Aversion,Emotion,Conditionality,,,,,,,,
35,,,27:14,35:08,Do even involuntary volitional formations below the level of direct awareness produce kamma?,,Volitional formations,Kamma,Volition,,Aversion,,,,,,,,
35,Story,,,,The Dalai Lama suggests that psychologists study virtuous people.,,Dalai Lama,Western psychology,Virtue,,,,,,,,,,
35,Sutta,,,,"AN 3.68: Comparison of greed, hatred, and delusion.",,Unwholesome Roots,,,,,,,,,,,,
35,,,35:08,37:03,Why is greed harder to remove than anger (AN 3.68)?,,Greed,Aversion,,,,,,,,,,,
36,Reading group,,Session,,,,,,,,,,,,,,,,
36,Sutta,,,,"SN 22.53, Khandhasaṁyutta, “Engagement.”",,,,,,,,,,,,,,
36,Sutta,,,,"SN 22.54, Khandhasaṁyutta, “Seeds.”",,,,,,,,,,,,,,
36,Sutta,,,,MN 22.36.,,,,,,,,,,,,,,
36,Sutta,,,,SN 12.64.,,,,,,,,,,,,,,
36,Sutta,,,,Snp 758-759.,,,,,,,,,,,,,,
36,Sutta,,,,SN 12.38.,,,,,,,,,,,,,,
36,Reading,2,,,[Skill in Questions]() p. [349](Skill in Questions p. 534).,,,,,,,,,,,,,,
36,Reading,2,,,Reading about Luang Por Dun (similar to Gifts He Left Behind p. 77).,,,,,,,,,,,,,,
36,Teaching,,6:53,12:22,SN 22.53-54 describe how the aggregates bring consciousness into being and consciousness relies on the aggregates.,,Aggregates,Consciousness,,,Nibbāna,Unestablished consciousness,,,,,,,
36,Sutta,,,,AN 3.76-77: Kamma is the field.,,Kamma,,,,,,,,,,,,
36,Reference,,,,[The Island]() Chapter 8: [Unsupported and Unsupportive](The Island p. 133). ,,,,,,,,,,,,,,
36,Sutta,s,,,DN 11.85 and MN 49.25 refer to unestablished consciousness.,,Unestablished consciousness,,,,,,,,,,,,
36,Reading,,,,MN 22.36.,,Unestablished consciousness,,,,,,,,,,,,
36,Teaching,,24:02,32:03,The Buddha is pointing to something beyond the normal functioning of the mind which is a basis for freedom from all dukkha.,,Nibbāna,Cessation of Suffering,,,Secular Buddhism,Liberation,Feeling,Nature of mind,Aggregates,,,,
36,Reference,,,,[Skill in Questions]() p. [349](Skill in Questions p. 534).,,,,,,,,,,,,,,
36,Indirect quote,,,,Objects of the mind that are likeable or unlikeable|Ajahn Liem,,Ajahn Liem,Moods of the mind,Feeling,Clinging,,,,,,,,,
36,Sutta,,,,AN 5.208: Five reasons for chewing toothwoods.,,,,,,,,,,,,,,
36,,,32:09,34:36,Can the experience of an unpleasant contact be experienced at the level of feeling and perception without going into the reactive state which generates a volitional formation?,,Pain,Contact,Feeling,Perception,,,,,,,,,
36,Extra tags,,,,,,Volitional formations,,,,,,,,,,,,
36,Indirect quote,,,,It's ordinary for light to be bright. It's ordinary for sound to make noise.|Ajahn Dune,,Ajahn Dune,Contact,Sense bases,Seclusion,,,,,,,,,
36,,,34:42,,What is the significance of the introduction of personal pronouns in the last sentences of SN 22.53-54?,,Language,,,,History/Early Buddhism,Conventions,Faith,,,,,,
37,Reading,,Session,,"""The Fount of Wisdom,"" Collected Teachings p. 583-598.",,,,,,,,,,,,,,
37,,,30:28,32:57,Could you say something about watching the mind where the sense objects all meet?,,Mindfulness of mind,Contact,,,,,,,,,,,
38,Reading group,,Session,,,,,,,,,,,,,,,,
38,Sutta,,,,Overview from the Satipaṭṭhāna Sutta (MN 10.40).,,,,,,,,,,,,,,
38,Sutta,,,,"SN 35.232, Saḷāyatanasaṁyutta, “Koṭṭhita.”",,,,,,,,,,,,,,
38,Sutta,,,,"SN 35.26, Saḷāyatanasaṁyutta, “Full Understanding (1).”",,,,,,,,,,,,,,
38,Teaching,,3:29,6:25,The Five Khandhas lead towards understanding and relinquishment of attachment to self; the ayatanas (sense bases) relate to the relinquishment of desire.,,Aggregates,Self-identity view,Sensual desire,,,,,,,,,,
38,Teaching,,6:29,16:07,The meaning of fetter in terms of the sense bases.,,Fetters,,,,Sensual desire,,,,,,,,
38,Sutta,,,,MN 10.40: The sense bases.,,,,,,,,,,,,,,
38,Reading,,,,"SN 35.232, Saḷāyatanasaṁyutta, “Koṭṭhita.”",,,,,,,,,,,,,,
38,,,16:23,,"Is the fetter in terms of the sense bases (SN 35.232) equivalent to gratification, danger, and escape?",,Sense bases,Aspects of Understanding,,,Sensual desire,Benefit/gratification,,,,,,,
38,Comment,,17:04,,There's a sutta (AN 6.61) which likens craving to a seamstress sewing together the sense bases and their objects.,,Craving,Similes,Sense bases,,,,,,,,,,
38,Response,,,,,,,,,,,,,,,,,,
38,,,17:48,18:56,Does craving create a sense of continuity in the mind?,,Craving,,,,Benefit/gratification,Ignorance,,,,Yes,,,
38,,,18:58,19:39,Is yoniso manasikāra like the scissors cutting out desire?,,Appropriate attention,Similes,Craving,,,,,,,Yes,,,
38,,,19:41,23:42,How does craving relate to the Five Khandhas?,,Craving,Aggregates,,,Suffering,Clinging,,,,,,,
38,Indirect quote,,,,You don't have to count the branches as you fall down.|Ajahn Chah,,Ajahn Chah,Dependent origination,Suffering,,,,,,,,,,
38,Comment,,,,"In the Fire Sermon (SN 35.28), desire, hatred, and delusion arise on everything.",AKd,Unwholesome Roots,Clinging,,,,,,,,,,,
38,Teaching,,28:27,30:06,"In SN 35.26, the Buddha describes the cosmological All in terms of the sense bases.",,Nature of the cosmos,,,,Cessation of Suffering,Liberation,,,,,,,
39,Reading group,,Session,,,,,,,,,,,,,,,,
39,Sutta,,,,"SN 35.60, Saḷāyatanasaṁyutta, “The Full Understanding of all Clinging.”",,,,,,,,,,,,,,
39,Sutta,,,,"SN 35.63, Saḷāyatanasaṁyutta, “Migajāla” (1).”",,,,,,,,,,,,,,
39,Sutta,,,,"SN 35.64, Saḷāyatanasaṁyutta, “Migajāla” (2).”",,,,,,,,,,,,,,
39,Sutta,,,,"SN 35.69, Saḷāyatanasaṁyutta, “Upasena.”",,,,,,,,,,,,,,
39,,,9:06,,"What is the distinction between delight, infatuation, and bondage?",,Craving,Clinging,,,Translation,Pāli,,,,,,,
39,Comment,,13:20,14:30,SN 35.63 is one-sided in that it emphasizes the pleasurable rather than the way the mind gets bound up with something that is not pleasurable.,,Sensual desire,Clinging,Aversion,,,,,,,,,,
39,Response,,,,,,Relationships,,,,,,,,,,,,
39,Comment,,19:14,20:37,"SN 35.54 describes a bhikkhu who does not delight in desirable sense objects, but Migajāla delights in the Buddha's words.",AJoti,Dispassion,Gladdening the mind,,,,,,,,,,,
39,Response,,,,,,Pāli,,,,,,,,,,,,
39,,o,20:36,24:35,Delight is to craving as what is to aversion?,AP;ANy;AJoti,Benefit/gratification,Craving,Aversion,,Craving not to become,Sensual desire,,,,,,,
39,Sutta,,,,SN 56.11.4: Taṇhā is the cause of dukkha.,,,,,,,,,,,,,,
39,,,24:35,27:27,What is the significance of asking for a teaching in brief in SN 35.64?,,Teaching Dhamma,,,,,,,,,,,,
39,Indirect quote,,,,"When you pick up one little bit of Dhamma, everything else comes with it as well.|Ajahn Chah",,Ajahn Chah,Dhamma,,,,,,,,,,,
39,Discussion,,30:25,32:04,regarding Upasena being bitten by a snake in SN 35.69.,,Great disciples,,,,Family,,,,,,,,
40,Reading group,,Session,,,,,,,,,,,,,,,,
40,Sutta,,,,"SN 35.70, Saḷāyatanasaṁyutta, “Upavāṇa.”",,,,,,,,,,,,,,
40,Sutta,,,,"SN 35.74, Saḷāyatanasaṁyutta, “Sick (1).”",,,,,,,,,,,,,,
40,Sutta,,,,"SN 35.88, Saḷāyatanasaṁyutta, “Puṇṇa.”",,,,,,,,,,,,,,
40,Sutta,,,,"SN 35.93, Saḷāyatanasaṁyutta, “The Dyad (2).”",,,,,,,,,,,,,,
40,Teaching,,3:29,5:00,SN 35.70 explains that the Dhamma is directly visible whether or not lust is present.,AP;ANy,Sense bases,Sensual desire,Dhamma,,,,,,,,,,
40,,,11:34,19:20,"SN 35.70 and SN 35.74 mention lust. Is aversion, the opposite of lust, implicitly included?",,Sensual desire,Aversion,,,Unwholesome Roots,,,,,,,,
40,Comment,,19:33,21:50,Comparison of Ajahn Lee going to Bangkok with Venerable Puṇṇa going to Sunāparanta (SN 35.88).,,Ajahn Lee Dhammadharo,History/Thai Buddhism,Great disciples,Teaching Dhamma,,,,,,,,,
40,Comment,,,,Ajahn Lee discovered [breath meditation method 2](Breath in Mind p. 15) while coping with a heart attack in the wilderness.,,Ajahn Lee Dhammadharo,Mindfulness of breathing,Sickness,,,,,,,,,,
40,,,25:46,27:38,SN 35.93 shows how the edifice of the mind is based on impermanent phenomena.,,Nature of mind,Impermanence,,,Doctrine-of-self clinging,,,,,,,,
40,Comment,,27:40,,SN 35.93 is a wonderful analysis of the intimacy of nāma-rūpa and consciousness.,,Aggregates,Consciousness,,,,,,,,,,,
40,Response,,,,,,,,,,,,,,,,,,
40,Sutta,-,,,SN 12.67.7: Sheaves of reeds leaning against each other.,,Similes,,,,,,,,,,,,
40,,,28:17,29:57,"When contemplating the impermanence of the sense bases, is it better to focus on any sense base where impermanence comes into focus or stay with a particular sense base?",,Impermanence,Sense bases,Meditation/Techniques,,,,,,,,,,
40,,,30:01,30:45,"In SN 35.93, does intention refer to saṅkhāra?",,Volition,Volitional formations,,,,,,,,,,,
40,,,30:49,36:01,Is there a way to see how mind consciousness arises and disappears?,AP;AJoti,Heart/mind,Consciousness,Impermanence,,,,,,,,,,
41,Reading group,,Session,,,,,,,,,,,,,,,,
41,Sutta,,,,"SN 35.95, Saḷāyatanasaṁyutta, “Māluṅkyaputta.”",,,,,,,,,,,,,,
41,Sutta,,,,"SN 35.96, Saḷāyatanasaṁyutta, “Decline.”",,,,,,,,,,,,,,
41,Sutta,,,,"SN 35.116, Saḷāyatanasaṁyutta, “Going to the End of the World.”",,,,,,,,,,,,,,
41,Sutta,,,,"SN 35.120, Saḷāyatanasaṁyutta, “Sāriputta.”",,,,,,,,,,,,,,
41,Sutta,,,,"SN 35.239, Saḷāyatanasaṁyutta, “The Simile of the Chariot.”",,,,,,,,,,,,,,
41,,,12:12,13:46,"In SN 35.96, is 'the arising of evil, unwholesome states, memories and intentions connected with the fetters' an expansion of the terms craving and clinging?",,Unwholesome Roots,Craving,Clinging,,,,,,,,,,
41,Follow-up,,,,Would the sense base operating without any craving or clinging imply arahantship?,,Sense bases,Craving,Clinging,Arahant,,,,,,,,,
41,,,21:36,23:23,Is there another sutta about reaching the end of the world through travelling?,,Nature of the cosmos,,,,Psychic powers,Liberation,,,,,,,
41,Sutta,,,,SN 2.26: Rohitassa Sutta and Bhikkhu Bodhi's footnote to this sutta.,,,,,,,,,,,,,,
41,Reflection,,31:05,32:23,"Restraint is not constraint, but is the basis for happiness and joy.",,Sense restraint,Happiness,,,Right Effort,,,,,,,Sense restraint,80
41,Cut audio,r,0:04.5,0:27,,,,,,,,,,,,,,,
41,,,32:27,38:03,How can one set an effective intention to get up when one is very tired when going to sleep?,AP;ACu;AJoti,Devotion to wakefulness,,,,Posture/Walking,Conditionality,Chanting,Habits,Ajahn Chah,,,,
42,Reading group,,Session,,,,,,,,,,,,,,,,
42,Sutta,,,,"SN 35.127, Saḷāyatanasaṁyutta, “Bhāradvāja.”",,,,,,,,,,,,,,
42,Sutta,,,,"SN 35.135, Saḷāyatanasaṁyutta, “The Opportunity.”",,,,,,,,,,,,,,
42,Sutta,,,,"SN 35.153, Saḷāyatanasaṁyutta, “Is There a Method?.”",,,,,,,,,,,,,,
42,Sutta,,,,"SN 35.155, Saḷāyatanasaṁyutta, “A Speaker on the Dhamma.”",,,,,,,,,,,,,,
42,,,7:52,10:18,"Is there a place in the suttas where a bhikkhu asks, 'How does one not grasp at the signs and features?' and the Buddha replies with the Four Foundations of Mindfulness?",AP;AKd,Sense restraint,Right Mindfulness,,,Appropriate attention,,,,,,,,
42,,,10:21,15:52,"In order to guard the sense doors continually, is it necessary to find a sense of ease in the body to serve as an anchor?",,Sense restraint,Tranquility,,,Mindfulness,Right Effort,,,,,,,
42,Sutta,,,,"SN 36.6, The Dart: An undeveloped person knows no escape from dukkha other than sensual pleasure.",,,,,,,,,,,,,,
42,Story,,,,Ajahn Chah resolves not to look up for three months.,,Ajahn Chah,Sense restraint,Sensual desire,,,,,,,,,,
42,Follow-up,,,,What is beneficial as opposed to just looking down?,,Sense restraint,Conditionality,Concentration,Unification,,,,,,,,,
42,,,24:28,27:46,Does SN 35.153 indicate that keeping an eye on the mind and knowing when defilements are present lead all the way to the final goal?,,Mindfulness of mind,Unwholesome Roots,Liberation,,,,,,,,,,
42,Story,,,,A monk logs hours of meditation but is frustrated with the results.,,Meditation/Results,,,,,,,,,,,,
42,Follow-up,,,,Does this mean that you can't just apply a single skill without investigating whether it is actually helping?,,Meditation/Techniques,Right Effort,,,,,,,,,,,
42,Reflection,,29:36,30:40,"SN 35.155 makes it beautifully clear what the Buddha praises: disenchantment, dispassion, and cessation.",,Disenchantment,Dispassion,Cessation,,,,,,,,,,
43,Reading group,,Session,,,,,,,,,,,,,,,,
43,Sutta,,,,"SN 35.235, Saḷāyatanasaṁyutta, “The Exposition on Burning.”",,,,,,,,,,,,,,
43,Sutta,,,,"SN 35.238, Saḷāyatanasaṁyutta, “The Simile of the Vipers.”",,,,,,,,,,,,,,
43,Sutta,,,,"SN 35.241, Saḷāyatanasaṁyutta, “The Simile of the Great Log (1).”",,,,,,,,,,,,,,
43,Sutta,,,,"SN 35.231, Saḷāyatanasaṁyutta, “The Milk-Sap Tree.”",,,,,,,,,,,,,,
43,Sutta,,,,"SN 35.234, Saḷāyatanasaṁyutta, “Udāyī.”",,,,,,,,,,,,,,
43,,,7:16,8:07,"There's a tradition that if one keeps the Five Precepts, one stays in the human realm. SN 35.235 implies that if one's senses are unrestrained, one could end up in the lower realms. Any thoughts?",AP;AKd,Five Precepts,Human,Sense restraint,Hell,Death,Conditionality,,,,,,,
43,,,8:07,10:31,"SN 35.235 contains the phrase, 'grasp the sign through the features.' Does this differ from the more frequent 'signs or features?'",AP;AKd,Sense bases,Sense restraint,,,Sensual desire,Commentaries,,,,,,,
43,Story,,10:33,10:54,A monk worried about his robe takes rebirth an insect in his robe.,AJoti;AP,Robes,Restlessness and worry,Rebirth,Animal,,,,,,,,,
43,Commentary,,,,Dhamma Verses Commentary p. 832.,,,,,,,,,,,,,,
43,Comment,,27:39,28:46,SN 35.231 mentions that sense objects do not obsess the mind [of an arahant] rather than one not experiencing things.,ACu,Sense bases,Arahant,Clinging,,,,,,,,,,
43,Response,,,,,AP;ANy,Mahāyāna,,,,,,,,,,,,
44,Reading group,,Session,,,,,,,,,,,,,,,,
44,Sutta,,,,"SN 35.243, Saḷāyatanasaṁyutta, “Exposition on the Corrupted.”",,,,,,,,,,,,,,
44,Sutta,,,,"SN 35.246, Saḷāyatanasaṁyutta, “The Simile of the Lute.”",,,,,,,,,,,,,,
44,Sutta,,,,"SN 35.247, Saḷāyatanasaṁyutta, “The Simile of the Six Animals.”",,,,,,,,,,,,,,
44,,,11:20,14:08,"Does SN 35.243 imply that as long as one is not an arahant, one is overwhelmed by sense objects?",,Arahant,Sense bases,,,Feeling,Teaching Dhamma,,,,,,,
44,Comment,,,,Bhante Gunaratana points out that mindfulness is not an Awakening Factor until it is 100% continuous.,AJoti,Bhante Gunaratana,Mindfulness,Factors of Awakening,,,,,,,,,,
44,Sutta,,,,SN 56.33: Tossing up a stick.,,Rebirth,Similes,,,,,,,,,,,
44,,,14:39,15:26,Was it ever clear what kind of back condition the Buddha had?,,Buddha/Biography,Sickness,,,Ageing,Ascetic practices,,,,,,,
44,,,21:05,23:18,"In SN 35.246, why did the king become unhappy with the lute?",,Similes,,,,Self-identity view,Aggregates,Spiritual search,,,,,,
44,,,23:20,24:03,"In SN 35.246, does 'to the extent there is a range for [the Five Aggregates]' mean everything that we might experience?",,Aggregates,,,,Proliferation,,,,,,,,
44,,,24:09,26:31,What is a useful way to hold the image of beating the bull that wanders into the barley field in SN 35.246?,AP;ACu,Similes,Sense restraint,,,Contentment,Tranquility,Conscience and prudence,,,,,,
<---->,,,,,,,,,,,,,,,,,,,
45,Reading,,Session,,"Bhante Gunaratana, The Four Foundations of Mindfulness in Plain English, Chapter 12: Factors of Enlightenment.",,,,,,,,,,,,,,
46,Reading group,,Session,,,,,,,,,,,,,,,,
46,Reading,2,,,"Bhikkhu Bodhi, In the Buddha's Words, p. 261.",,,,,,,,,,,,,,
46,Reading,2,,,"Ṭhānissaro Bhikkhu, Wings to Awakening, Chapter II.B.",,,,,,,,,,,,,,
46,Reading,2,,,"Ṭhānissaro Bhikkhu, The Mind Like Fire Unbound, p. 57-58.",,,,,,,,,,,,,,
46,Sutta,,,,MN 108: Ānāpānasati Sutta (MN 118).,,,,,,,,,,,,,,
46,Sutta,,,,"SN 46.6, Bojjaṅgasaṁyutta, “Kuṇḍaliya.”",,,,,,,,,,,,,,
47,Reading group,,Session,,,,,,,,,,,,,,,,
47,Reading,2,,,"Ṭhānissaro Bhikkhu, The Mind Like Fire Unbound, p. 80-81.",,,,,,,,,,,,,,
47,Sutta,,,,"SN 46.51, Bojjaṅgasaṁyutta, “Nutriment.”",,,,,,,,,,,,,,
47,Sutta,,,,"AN 8.9, “Nanda.”",,,,,,,,,,,,,,
47,Sutta,,,,"SN 46.1, Bojjaṅgasaṁyutta, “The Himalayas.”",,,,,,,,,,,,,,
47,Sutta,,,,"SN 46.11, Bojjaṅgasaṁyutta, “Living Beings.”",,,,,,,,,,,,,,
47,Sutta,,,,"SN 46.31, Bojjaṅgasaṁyutta, “Wholesome (1).”",,,,,,,,,,,,,,
47,Sutta,,,,"SN 46.33, Bojjaṅgasaṁyutta, “Corruptions.”",,,,,,,,,,,,,,
47,Sutta,,,,"SN 46.34, Bojjaṅgasaṁyutta, “Noncorruptions.”",,,,,,,,,,,,,,
47,Sutta,,,,"SN 46.39, Bojjaṅgasaṁyutta, “Trees.”",,,,,,,,,,,,,,
47,Sutta,,,,"SN 46.38, Bojjaṅgasaṁyutta, “Without Hindrances.”",,,,,,,,,,,,,,
47,Sutta,,,,"SN 46.40, Bojjaṅgasaṁyutta, “Hindrances.”",,,,,,,,,,,,,,
47,Sutta,,,,"SN 46.8, Bojjaṅgasaṁyutta, “Upavāṇa.”",,,,,,,,,,,,,,
48,Reading group,,Session,,,,,,,,,,,,,,,,
48,Reading,2,,,"Ajahn Geoff Wings to Awakening excerpts, p. 49, 142-143.",,,,,,,,,,,,,,
48,Reading,2,,,"Ñanaponika Mahathera, Buddhist Dictionary, Definitions: manasikāra and āsava.",,,,,,,,,,,,,,
48,Sutta,,,,MN 2: Sabbāsava Sutta.,,,,,,,,,,,,,,
48,Sutta,,,,"SN 46.4, Bojjaṅgasaṁyutta, “Clothes.”",,,,,,,,,,,,,,
48,Sutta,,,,"SN 46.30, Bojjaṅgasaṁyutta, “Udāyī.”",,,,,,,,,,,,,,
49,Reading group,,Session,,,,,,,,,,,,,,,,
49,Sutta,,,,"SN 47.7 Satipaṭṭhānasaṁyutta, “The Monkey.”",,,,,,,,,,,,,,
49,Reading,2,,,"Bhante Gunaratana, The Four Foundations of Mindfulness in Plain English, p.44.",,,,,,,,,,,,,,
49,Sutta,,,,"Bhikkhu Bodhi, Connected Discourses, footnote 125 to SN 47.2, p. 1917 .",,,,,,,,,,,,,,
49,Sutta,,,,"AN 10.61, “Ignorance.”",,,,,,,,,,,,,,
49,Sutta,,,,"SN 46.12, Bojjaṅgasaṁyutta, “The Simile of the Sun (1).”",,,,,,,,,,,,,,
49,Sutta,,,,"SN 46.13, Bojjaṅgasaṁyutta, “The Simile of the Sun (2).”",,,,,,,,,,,,,,
49,Sutta,,,,"AN 4.41, “Concentration.”",,,,,,,,,,,,,,
50,Reading group,,Session,,,,,,,,,,,,,,,,
50,Sutta,,,,"SN 36.7, Vedanāsaṁyutta, “The Sick Ward (1).”",,,,,,,,,,,,,,
50,Sutta,,,,"SN 46.14, Bojjaṅgasaṁyutta, “Ill (1).”",,,,,,,,,,,,,,
50,Sutta,,,,"SN 46.15, Bojjaṅgasaṁyutta, “Ill (2).”",,,,,,,,,,,,,,
50,Sutta,,,,"SN 46.16, Bojjaṅgasaṁyutta, “Ill (3).”",,,,,,,,,,,,,,
50,Sutta,,,,"AN 10.60, “Girimānanda.”",,,,,,,,,,,,,,
50,Sutta,,,,"SN 52.10, Anuruddhasaṁyutta, “Gravely Ill.”",,,,,,,,,,,,,,
50,Sutta,,,,"SN 47.9, Satipaṭṭhānasaṁyutta, “Ill.”",,,,,,,,,,,,,,
50,Sutta,,,,"SN 46.53, Bojjaṅgasaṁyutta, “Fire.”",,,,,,,,,,,,,,
50,Sutta,,,,"SN 46.57, Bojjaṅgasaṁyutta, “The Skeleton.”",,,,,,,,,,,,,,
51,Reading,,Session,,"Mahāsatipaṭṭhāna Sutta (DN 22), Four Noble Truths section",,,,,,,,,,,,,,
52,Reading group,,Session,,,,,,,,,,,,,,,,
52,Sutta,,,,"AN 3.61, “Sectarian.”",,,,,,,,,,,,,,
52,Reading,2,,,"Ajahn Chah, Food for the Heart, Chapter 32: The Four Noble Truths.",,,,,,,,,,,,,,
53,Reading,,Session,,"Ajahn Chah, The Collected Teachings, Transcendence",,,,,,,,,,,,,,
54,Reading,,Session,,"Ajahn Chah, The Collected Teachings, Toward the Unconditioned",,,,,,,,,,,,,,
55,Reading group,,Session,,from In the Buddha's Words by Bhikkhu Bodhi,,,,,,,,,,,,,,
55,Reading,2,,,p. 317-320.,,,,,,,,,,,,,,
55,Reading,2,,,"§IX.5.2: SN 43.1-44, Asaṅkhatasaṁyutta.",,,,,,,,,,,,,,
55,Reading,2,,,§IX.5.3: Ud 8.1.,,,,,,,,,,,,,,
55,Reading,2,,,§IX.5.4: Ud 8.3.,,,,,,,,,,,,,,
55,Reading,2,,,"Ajahn Pasanno and Ajahn Amaro, The Island, Chapter 20: “Ah, What Bliss!” – The Blessings of Nibbāna.",,,,,,,,,,,,,,