12,½
abbhūta
abhinivesāya,abhinivesaya
ācariya
adhikaraṇasamatha
adhiṭṭhānas
ādittapariyāya
āditthanas
āgama
agañña
agatī,agati*
ahiṃsako
āḷāra
āḷavikā
anāgamī
anagārika
anāgārikas
anālayo
ananda,ānanda*
ānandajoti
ānānpānasati
ānāpāna
ānāpānasaṁyutta
ānāpānasati,anāpānāsati*,anapanasati*
ānāpānasatiand
anāthapiṇḍika
anattā,anatta*
anattalakkhaṇa
aṅgulimāla
aṅguttara
anicca,aniccā*
añjāli,añjali
aṅkārama
aññathā
anurādha
apaṇṇaka
appamāda,appamada*
appanā
appaṇihita
appaṇṇaka
arahaṃ
ārammaṇupanijjhāna
araññabho
ariyapariyesanā
āsava
asavas,āsavas
assādasutta
atammatayā
atammayatā
āṭānāṭiya
ātāpi
atta,attā
attamayatā
attavādupādāna
atthā
aṭṭhakavagga
avijjā
bagøien
bāhiya,bahiya,bahīya,bāhīya
bhāradvāja
bhavadiṭṭhi
bhāvanā,bhavana*
bhavaṅga
bhavataṇhā,bhavataṇha
bhikkhunī
bhikkhunīsaṁyutta
bhikkhunūpassaya
bhūmī
bhūridatta
bimbisāra
bodhipakkhiyā
bojjhaṅgasaṁyutta
brahamavihāras
brahma,brahmā*
brahmacariyā
brahmajāla
brahmavaṃso
brahmavihāras,brahmavihārās,brahmaviharas
buddhadāsa,buddhadasā*,buddhadasa*
buddhaṃ
buddhānussati,buddhanussati*
buddhavaṃsa
candasirī,candasiri*
caṅkama
caṅkī,cankī
cāpā
cāpātherīgāthā
cetanā
cittapālā
cittasaṅkhāra
cūḷa
cūḷadukkhakkhandha
cūḷagosiṅga
cūḷamāluṅkya
cūḷasaccaka
cūḷasāropama
cūḷasīhanāda
cūḷataṇhāsaṅkhaya
cūḷavedalla
dāna,dana*
dıghanakha
dhamma,dhammā
dhammadinnā
dhammānupassī
dhātu,dhatu*
dhutaṅga
dhutaṅgas,dhutangas
dīghanakha
din,dīn
diṭṭhi
dōgen
dtuaṅga
dukkha,dukkhā*
dukkhaṃ
dvedhāvitakka,dvedhavitakka
ekaggatā
ekodibhāvaṃ
etaṁ
gacchāmi
gāmaṇisaṁyutta
gaṇakamoggallāna
gāthā
gelañña
ghaṭīkāra
girimānanda,girimananda
girimāndana
gopakamogallāna
gotamī
hāliddakāni
hasituppāda
hsuan,hsüan*
iddhipādas
jalāl
jāṇussoṇī,janussonī
jātaka,jataka*
jhāna,jhana*
jhānas,jhanas
jhānic
jhāyatha
jitindriyā
jīvaka
jīvitaṃ
jotipālo
kaccāna
kaccānagotta
kāḷa
kalahavivāda
kālāma
kalyāṇa
kalyano,kalyāno
kāma
kāmacchanda
kammaṭṭhāna
kārikā,kārika
karuṇā
karuṇadhammo,karunadhammo*
karuṇiko,karuniko*
kasiṇa
kataññu
kaṭhina
kāyagatāsati
kayañāṇas
kāyasaṅkhārā
kāyaviveka
kevaṭṭasutta
khandhasaṁyutta
khantipālo
khippapañño
kiriyā
kīṭāgiri
kondañña
kondañño
kosalasaṁyutta
koṭṭhita
kuṇḍalakesī
kutūhalasālā
lakkhaṇupanijjhāna
m,ṃ
ma,mā*
madhupiṇḍika
māgandiya,māgaṇḍiya
maggasaṁyutta
māghā,māgha
mahā,maha*
mahādukkhakkhandha
mahāghosānanda
mahāgosiṅga
mahāgossānanda
mahāhatthipadopama
mahākaccāna
mahākassapa
mahāmālunkya
mahānāma
mahānidāna
mahānikāya
mahāpajāpatī
mahāparinibbāna
mahāpuṇṇama
mahārāhulaovāda
mahāsaccaka
mahāsatipaṭṭhāna
mahāvagga
mahāvedalla
mahāyāna,mahayana*,mahāyana*
māluṅkyaputta
māna,mana*
manasikāra,manasikara*
maṅgala
maṅgalaṃ
maṅkāra
maññati
māra,mara*
maraṇānussati,marananussati
maraṇassati
maraṇussati
mayā
metta,mettā
micchā
migajāla
milindapañha
mogallāna
moggallana,moggallāna
muditā,mudita*
mūlamadhyamaka
mūlamadyamaka
mūlapariyāya
n,ṇ*
nāgārguna
nāgārjuna
nakulapitā
nālaṁ,nalam
nālandā
nama,nāma
ñāṇadhammo
ñāṇamoli
ñāṇananda
ñāṇasirī
ñāṇatiloka
ñāṇatusita
ñāṇiko,ñaniko*,ñāniko*
nātha
nātho
nestlé
nibbāna,nibbana*
nibbānaṃ,nibbānaṁ
nikāya,nikaya
nipāta,nipata
nippapañca
nirāmisa
niratthā
oghataraṇa
ovada,ovāda
pācittiyā
pāli,pali*,pāḷi*
pāmojja
pañca
paṇītaṁ
paññā,pañña*
paññānanda
paññāpessatīti
paññāvaḍḍho,paññavaḍḍho*,paññavaddho*
paññāyati
papañca
papañcadhammas
pārājikā
paramaṁ
paramī,parami,pārami
paramis,pāramīs,pāramis
patācārā
pāṭaliya
paticcasamuppāda,paticcasamuppada
pāṭimokkha,pātimokkha*,paṭimokkha*
paṭinissagga
paṭipadā,patipada*
pāvaro
phassapaññattiṃ
piṇḍola
pīti,piti*
piyajātika
pranayama,prāṇāyāma
prāṇāyāmas
pūjā,puja*
pūjās
puñña,puṇṇa*
puthujjanā,puthujjana
rāhula
rājagaha
rāmaputta
rōshi
rūmī
rūpa,rupa*
rūpūpādānakkhandho
sabbaṃ
sabbāsava
sāgata
sakkapañha
sakkāya
sakkāyadiṭṭhi,sakkāyaditthi,sakkāyādiṭṭhi
sālā
saḷāyatanasaṁyutta
samādhi,samadhi*,sāmadhi*
samādhibhāvanā
samajīvī
samaṇa,sāmaṇa*
samaṇas
sāmaṇera
sāmaṇeras
sāmaññaphala
sāmi
sāmisa
sammā,samma*
sammādiṭṭhi
sampajañña
saṃsāra
saṃvega,saṁvega*
saṃyutta
saṅga
saṅgārava
saṅgha,saṇgha*,sangha*
saṅghādisesā
saṅghakamma
saṅghapāla
saṅgharāja
saṅghas
sangīti
saṅkāra
saṅkhārā,saṅkhāra*,saṅkhara*
saṅkhāras,sankharas
saṅkhāric
saññā,sañña*
santaṁ
santuṭṭhi,santutthi*
sarakāni
saraṇaṃ
sārāṇīyā
sāriputta,sariputta
sāsana
satipañña
satipaṭṭhāna,satipatthana,satipatthāna,satipaṭṭhana
satipaṭṭhānasaṁyutta
satipaṭṭhānasutta
satpaṭṭhāna
selā
śhūrangama
sigāla
sīgālovāda
sīla,sila*
sīladhara
sīlānussati
sīlaratano
siṅgālasutta
siripañño
sīvaka,sivaka
soṇa
sopāka
sotāpanna,sotapanna*
sotāpattimagga
sotāppana
subhā
sūciloma
sudhīro
sukhaṁ
sumedhā,sumedha
sunāparanta
sundarā
suññatā,suññata*
sutra,sūtra
suttanipāta
tam,taṁ*
taṇhā,tanha*,taṇha*
tathāgata,tathāgatā
tathāgatās
tathatā
ṭhānissarā
ṭhānissaro,thānissaro*,thanissaro*
theravāda,theravada*
theravādin
theravādins
ṭhitabho
tipiṭaka,tipitaka*
udāyī
ukkacelā
uṇṇabha
upacāra
upādāna
upāli,upali*
upasikā,upasika*,upāsikā*,upāsika*
upasīva
upavāṇa
upekkhā,upekkha*
uppādā
vahāpūrā
vajirā,vajira
vajrayāna,vajrayana*
vaṅgīsasaṁyutta
varapañño
vāri
vaṭṭaka
vāyāma
vedanā,vedana*
verañjā
vibhavadiṭṭhi
vibhavataṇhā,vibhavatanha
vicāra,vicara*
viḍūḍabha
viharas,vihāras
vijjācaraṇa
vīmaṃsaka
viññāṇa,viññana*,vinnana*,viññaṇa*
viññaṇadhatu
vipassanā,vipassana*
vipassanāñāṇa
vipassanūpakkilesa
vipassī
viradhammo,vīradhammo*
vīriyavādā,vīriyavāda
visākhā,visākha
visaṁyuttā
vitakkasaṇṭhāna
yathā
yāva
yavakalāpī
